{
  "best_epoch": 0,
  "peak_cpu_memory_MB": 0,
  "training_duration": "0:29:53.296933",
  "training_start_epoch": 0,
  "training_epochs": 0,
  "epoch": 0,
  "training_accuracy": 0.8162401444011339,
  "training_loss": 3.2774121688161086,
  "training_cpu_memory_MB": 0.0,
  "validation_accuracy": 0.8655172413793103,
  "validation_loss": 1.5151129378828891,
  "best_validation_accuracy": 0.8655172413793103,
  "best_validation_loss": 1.5151129378828891
}