{
  "best_epoch": 4,
  "peak_cpu_memory_MB": 0,
  "training_duration": "3:20:34.529528",
  "training_start_epoch": 0,
  "training_epochs": 4,
  "epoch": 4,
  "training_accuracy": 0.8763883659638554,
  "training_loss": 1.0380058136872867,
  "training_cpu_memory_MB": 0.0,
  "validation_accuracy": 0.8815794175451135,
  "validation_loss": 0.9898724445076876,
  "best_validation_accuracy": 0.8815794175451135,
  "best_validation_loss": 0.9898724445076876
}