{
  "best_epoch": 3,
  "peak_cpu_memory_MB": 0,
  "training_duration": "2:04:33.634931",
  "training_start_epoch": 0,
  "training_epochs": 3,
  "epoch": 3,
  "training_accuracy": 0.871475792877392,
  "training_loss": 1.2268335777284436,
  "training_cpu_memory_MB": 0.0,
  "validation_accuracy": 0.8716455243880651,
  "validation_loss": 1.164542293825815,
  "best_validation_accuracy": 0.8716455243880651,
  "best_validation_loss": 1.164542293825815
}