{
  "best_epoch": 4,
  "peak_cpu_memory_MB": 0,
  "training_duration": "16:40:47.924222",
  "training_start_epoch": 0,
  "training_epochs": 4,
  "epoch": 4,
  "training_accuracy": 0.8847270666973566,
  "training_loss": 0.9940492774711094,
  "training_cpu_memory_MB": 0.0,
  "validation_accuracy": 0.9073761480596602,
  "validation_loss": 0.8364385003919033,
  "best_validation_accuracy": 0.9073761480596602,
  "best_validation_loss": 0.8364385003919033
}