{
  "best_epoch": 6,
  "peak_cpu_memory_MB": 0,
  "training_duration": "1 day, 1:28:17.880923",
  "training_start_epoch": 0,
  "training_epochs": 6,
  "epoch": 6,
  "training_accuracy": 0.8879948742010305,
  "training_loss": 0.8908294212862877,
  "training_cpu_memory_MB": 0.0,
  "validation_accuracy": 0.9089949013599259,
  "validation_loss": 0.8067391752751906,
  "best_validation_accuracy": 0.9089949013599259,
  "best_validation_loss": 0.8067391752751906
}