{
  "best_epoch": 6,
  "peak_cpu_memory_MB": 0,
  "training_duration": "8:06:19.542468",
  "training_start_epoch": 0,
  "training_epochs": 6,
  "epoch": 6,
  "training_accuracy": 0.8886455749468463,
  "training_loss": 0.8533846228131319,
  "training_cpu_memory_MB": 0.0,
  "validation_accuracy": 0.8886903698409863,
  "validation_loss": 0.9114407439564549,
  "best_validation_accuracy": 0.8886903698409863,
  "best_validation_loss": 0.9114407439564549
}