{
  "best_epoch": 1,
  "peak_cpu_memory_MB": 0,
  "training_duration": "1:11:02.728759",
  "training_start_epoch": 0,
  "training_epochs": 1,
  "epoch": 1,
  "training_accuracy": 0.8687530452693125,
  "training_loss": 1.4655690551449676,
  "training_cpu_memory_MB": 0.0,
  "validation_accuracy": 0.8689655172413793,
  "validation_loss": 1.3060470181842183,
  "best_validation_accuracy": 0.8689655172413793,
  "best_validation_loss": 1.3060470181842183
}