{
  "best_epoch": 5,
  "peak_cpu_memory_MB": 0,
  "training_duration": "6:54:17.787716",
  "training_start_epoch": 0,
  "training_epochs": 5,
  "epoch": 5,
  "training_accuracy": 0.8835544383416017,
  "training_loss": 0.9158737917669413,
  "training_cpu_memory_MB": 0.0,
  "validation_accuracy": 0.8864391638377702,
  "validation_loss": 0.9438561492188032,
  "best_validation_accuracy": 0.8864391638377702,
  "best_validation_loss": 0.9438561492188032
}